Feature,Importance
feedback_sentiment,0.3239379504651944
days_since_last_trip,0.25698249534378326
total_flights,0.19775690016467037
total_spend,0.14831169110144432
total_hotel_bookings,0.06260691821161744
unique_destinations,0.004709891970432025
avg_hotel_price,0.002824063555498964
avg_flight_price,0.0021234896636760014
preferred_flight_type,0.0006613380929057198
age,6.785557023900632e-05
preferred_agency,1.7405860538562013e-05
