{
    "mean_absolute_error": 0.07696594378446119,
    "mean_squared_error": 0.09395867944161902,
    "root_mean_squared_error": 0.306526800527489,
    "r2_score": 0.999999286945077,
    "mean_absolute_percentage_error": 0.006331682344967726
}