Feature,Importance
flightType,0.36805461546047097
time,0.23893973429461907
distance,0.22733378673389776
to,0.09541353310430882
from,0.057421592202693314
agency,0.012836738204010255
