Feature,Importance
age,0.5499028619006914
price,0.09650212076849322
distance,0.08705052834439801
time,0.08398987100252966
hotel_total,0.06188447537160613
hotel_price,0.039939100669370044
days,0.03344663591271478
agency,0.02779690227594239
flightType,0.019487503754254412
