{
    "accuracy": 0.6241862517930046,
    "precision": 0.45624896813604093,
    "recall": 0.6035160515396375,
    "f1_score": 0.5196502444528018,
    "auc_roc": 0.6727772349224721
}